Probe_ID,Attenuation_Correction_Factor,Gene_Symbol,Probe_Sequence,Main_RefSeq,RefSeqs_Targeted,Distance_from_5_Prime_End_of_mRNA
A2M_12371,1,A2M,CTTCAGGTTCAACCAACAGAGGCTTGATGACTGTGTCTTTCCTTCCGTGT,NM_000014,NM_000014,2838
AARS_3,1,AARS,TGCAGACACATCCTTGCCACCACCTTTACCGTCCATCAAGCCTGACACCT,NM_001605,NM_001605,2924
AASDHPPT_21936,1,AASDHPPT,TCATCAGACGACCAGCCATGGCTGCCTTAGCGTCCCGGGCAAAGACGAAC,NM_015423,NM_015423,345
AATF_26432,1,AATF,GGCTCAGGTTTGCCAAGAACTCGATAGACAGAGCGCTTGGTCTGTGTCCT,NM_012138,NM_012138,1525
ABCA6_22690,1,ABCA6,GGCTCAGCACAAAACACAACTTTCTCGTGATTCCTGCTGTTAATTTCTGC,NM_080284,NM_080284,4454
ABCA6_28368,1,ABCA6,GGTTAAAGTTATGCTTCACTGCTTCTAATTTGTGAAAGGTCTGTGATAGA,NM_080284,NM_080284,4889
ABCB1_12,1,ABCB1,AAAGAGTTTCTGTATGGTACCTGCAAACTCTGAGCATACATATGTTCAAA,NM_000927,NM_000927,3288
ABCB10_14348,1,ABCB10,TCCTTGGTCAAGAACAGCAACCATATTAGCATTCTTAATGGTGGACAGAC,NM_012089,NM_012089,2164
ABCB11_21010,1,ABCB11,ACAAGATGACCAGGCTCAGCTTCCAGCTAAAGGAGAAGGCAATGATCATG,NM_003742,NM_003742,2842
ABCB6_26787,1,ABCB6,CAGCCATCCTTGATGACGAGGATCTGGTCAGCATTGACCACAGTTGAGAG,NM_005689,NM_005689,2719
ABCC1_15868,1,ABCC1,TGTTGATGCCATCGATGATGATCTCTCCTTCGGCAGACTCGTTGATCCGA,NM_004996,NM_004996,4247
ABCC2_22,1,ABCC2,CAGTTCTTCAGGGCTGCCGCACTCTATAATCTTCCCGTTGTCTAGGACCA,NM_000392,NM_000392,4810
ABCC2_26620,1,ABCC2,GCTACCGATGTCACAAGTGATCCCTCTGAGGACCAGATCCAGCTCAGGTC,NM_000392,NM_000392,4225
ABCC3_23353,1,ABCC3,TGTCCTTGGAGAAGCAGTTCAGGATGCGGCCTGATGGTGTGGTGTCAAAG,NM_003786,NM_003786,3306
ABCC3_26788,1,ABCC3,AGCACCTTGATGCCGTTCAGGATCTCACTCATCAGCTTGATGCGCGAGTC,NM_001144070,NM_001144070,1582
ABCC4_16668,1,ABCC4,GCTGTCCATTGGAAGTGTTTGTAACCATGTGGTCAGTGTGACCAATATGT,NM_005845,NM_005845,4075
ABCC4_26789,1,ABCC4,GGTTACATTTCCTCCTCCATTTACAGTGACATTTAGCATACTTTGTTTGT,NM_001105515,NM_001105515,2400
ABCC5_26,1,ABCC5,CTCTCTAGTCTTCTGCAGTTCACGTCAGAAGACTCGTGCTTGGACAGAGA,NM_001023587,NM_005688+NM_001023587,617
ABCF1_35,1,ABCF1,AGCACCCTTGTATTCATTGATGGCCTCCCCTAGAGCATCAATAGACTCTA,NM_001025091,NM_001025091+NM_001090,2468
